{
  "id": "9e53ca27-07f9-47ca-83d1-c1ae9a04369f",
  "name": "LightColor",
  "isOverridable": true,
  "entries": [
    {
      "value": "red",
      "synonyms": [
        "red"
      ]
    },
    {
      "value": "blue",
      "synonyms": [
        "blue",
        "sky color"
      ]
    },
    {
      "value": "yellow",
      "synonyms": [
        "yellow"
      ]
    },
    {
      "value": "purple",
      "synonyms": [
        "purple"
      ]
    },
    {
      "value": "green",
      "synonyms": [
        "green"
      ]
    },
    {
      "value": "on",
      "synonyms": [
        "on"
      ]
    },
    {
      "value": "off",
      "synonyms": [
        "off"
      ]
    },
    {
      "value": "white",
      "synonyms": [
        "white"
      ]
    }
  ],
  "isEnum": false,
  "automatedExpansion": false
}